{
  "Login": {
    "title": {
      "locatorType": "xpath",
      "locatorValue": "//h1"
    },
    "newAnalysisId": {
      "labelText": "Analysis ID: ",
      "testData": "New Analysis via Automate"
    },
    "scope": {
      "labelText": "Analysis Scope: ",
      "testData": "Scope Description"
    },
    "save": {
      "locatorType": "xpath",
      "locatorValue": "//i[@class='icon-save']"
    },
    "scrollResource": {
      "locatorType": "xpath",
      "locatorValue": "//a[contains(text(),'Resources')]"
    }
  },
  "Login2": {
    "newAnalysis": {
      "locatorType": "xpath",
      "locatorValue": "//button[text()='New Analysis']"
    },
    "newAnalysisId": {
      "labelText": "Analysis ID: ",
      "testData": "New Analysis via Automate"
    },
    "scope": {
      "labelText": "Analysis Scope: ",
      "testData": "Scope Description"
    },
    "save": {
      "locatorType": "xpath",
      "locatorValue": "//i[@class='icon-save']"
    }
  },
  "demoTest": {
    "dropDown": {
      "locatorType": "xpath",
      "locatorValue": "(//select)[1]"
    },
    "checkBox": {
      "locatorType": "xpath",
      "locatorValue": "(//input[@type='radio'])[2]"
    }
  },
  "unitTestLocators":{
    "dynamicxpath": {
      "locatorType":"xpath",
      "locatorValue" : "//div[@id='dividentifier']/div[1]/div[2]/div[alertBox]/div[2]/button"
    },
    "popupbutton":{
      "locatorType": "xpath",
      "locatorValue":"//div[@id='easycont']/div[1]/div[2]/div[1]/div[2]/button"
    },
    "inputElement": {
      "locatorType": "xpath",
      "locatorValue": "//input[@id='email']"
    }
  },
  "SiteSelector":{
    "tabHazop": {
      "locatorType":"xpath",
      "locatorValue" : "//span[text()='Hazop']/parent::div/parent::mi-tile"
    },
    "newAnalysis":{
      "locatorType": "xpath",
      "locatorValue":"//div[@data-action='addHazop']"
    },
    "gridRecords":{
      "locatorType": "xpath",
      "locatorValue":"//div[contains(@class,'resultgrid-placeholder') and not (contains(@style,'display: none;'))]//div[@class='dx-datagrid-content']//tr[1]/td[1]"
    }
  },
  "APMSelect":{
    "calibrationProfilesTab": {
      "locatorType":"xpath",
      "locatorValue" : "//span[text()='Calibration Profiles']/parent::div/parent::mi-tile"
    },
    "newAnalysis":{
      "locatorType": "xpath",
      "locatorValue":"//div[@data-action='Create']"
    },
    "gridRecords":{
      "locatorType": "xpath",
      "locatorValue":"//div[contains(@class,'resultgrid-placeholder') and not (contains(@style,'display: none;'))]//div[@class='dx-datagrid-content']//tr[1]/td[1]"
    },
    "apmCalibrationType1":{
      "locatorType": "xpath",
      "locatorValue":"//div[@data-controlname='MI_CAL_PROF_DEVI_TYPE_C']//mi-select" 
    },
    "apmCalibrationStrategy":{
      "locatorType": "xpath",
      "locatorValue":"//div[@data-controlname='MI_CAL_PROF_CALI_STRA_C']//mi-select"
    },
    "lnkCalibManagement":{
      "locatorType": "xpath",
      "locatorValue":"//a[text()='Calibration Management']"
    },
    "lnkStrategies":{
      "locatorType": "xpath",
      "locatorValue":"//div[@class='left-section-nav block']//li[text()='Strategies']"
    },
    "btnStrategy":{
      "locatorType": "xpath",
      "locatorValue":"//a[text()='1S']"
    },
    "apmTemplateType":{
      "locatorType": "xpath",
      "locatorValue":"//div[@data-controlname='MI_CALSTRAT_TEMP_TYPE_C']//mi-select"
    },
    "strategyId":{
      "locatorType": "xpath",
      "locatorValue":" //div[@data-controlname = 'MI_CALSTRAT_STRA_ID_C']//input"
     
    }
   
  }
}